Update,Type,Abundance
0,Cooperator,0
0,Cheater,1
100,Cooperator,0
100,Cheater,34
200,Cooperator,0
200,Cheater,129
300,Cooperator,0
300,Cheater,292
400,Cooperator,0
400,Cheater,550
500,Cooperator,0
500,Cheater,891
600,Cooperator,0
600,Cheater,1316
700,Cooperator,6
700,Cheater,1821
800,Cooperator,2
800,Cheater,2442
900,Cooperator,3
900,Cheater,3282
1000,Cooperator,48
1000,Cheater,4094
1100,Cooperator,146
1100,Cheater,2918
1200,Cooperator,437
1200,Cheater,2188
1300,Cooperator,630
1300,Cheater,1900
1400,Cooperator,385
1400,Cheater,1639
1500,Cooperator,101
1500,Cheater,889
1600,Cooperator,44
1600,Cheater,1402
1700,Cooperator,26
1700,Cheater,1457
1800,Cooperator,19
1800,Cheater,1678
1900,Cooperator,25
1900,Cheater,2082
2000,Cooperator,31
2000,Cheater,1868
2100,Cooperator,17
2100,Cheater,2021
2200,Cooperator,21
2200,Cheater,2568
2300,Cooperator,27
2300,Cheater,2829
2400,Cooperator,18
2400,Cheater,2627
2500,Cooperator,19
2500,Cheater,2487
2600,Cooperator,33
2600,Cheater,2955
2700,Cooperator,27
2700,Cheater,2643
2800,Cooperator,33
2800,Cheater,3117
2900,Cooperator,37
2900,Cheater,3393
3000,Cooperator,44
3000,Cheater,3350
3100,Cooperator,53
3100,Cheater,4024
3200,Cooperator,51
3200,Cheater,3730
3300,Cooperator,44
3300,Cheater,3717
3400,Cooperator,49
3400,Cheater,3803
3500,Cooperator,35
3500,Cheater,4008
3600,Cooperator,52
3600,Cheater,4326
3700,Cooperator,54
3700,Cheater,4393
3800,Cooperator,78
3800,Cheater,4452
3900,Cooperator,55
3900,Cheater,5043
4000,Cooperator,69
4000,Cheater,5669
4100,Cooperator,55
4100,Cheater,5865
4200,Cooperator,73
4200,Cheater,5931
4300,Cooperator,67
4300,Cheater,6190
4400,Cooperator,56
4400,Cheater,6126
4500,Cooperator,76
4500,Cheater,6463
4600,Cooperator,72
4600,Cheater,6686
4700,Cooperator,95
4700,Cheater,6805
4800,Cooperator,84
4800,Cheater,6442
4900,Cooperator,96
4900,Cheater,6609
5000,Cooperator,77
5000,Cheater,6172
5100,Cooperator,86
5100,Cheater,6348
5200,Cooperator,93
5200,Cheater,6436
5300,Cooperator,93
5300,Cheater,6593
5400,Cooperator,97
5400,Cheater,6413
5500,Cooperator,85
5500,Cheater,6431
5600,Cooperator,97
5600,Cheater,6181
5700,Cooperator,97
5700,Cheater,6532
5800,Cooperator,93
5800,Cheater,6843
5900,Cooperator,83
5900,Cheater,6418
6000,Cooperator,98
6000,Cheater,6184
6100,Cooperator,71
6100,Cheater,6439
6200,Cooperator,92
6200,Cheater,6439
6300,Cooperator,105
6300,Cheater,6598
6400,Cooperator,106
6400,Cheater,6461
6500,Cooperator,104
6500,Cheater,6736
6600,Cooperator,117
6600,Cheater,6529
6700,Cooperator,97
6700,Cheater,6731
6800,Cooperator,116
6800,Cheater,6698
6900,Cooperator,97
6900,Cheater,6734
7000,Cooperator,104
7000,Cheater,6486
7100,Cooperator,73
7100,Cheater,6675
7200,Cooperator,120
7200,Cheater,6933
7300,Cooperator,101
7300,Cheater,6676
7400,Cooperator,121
7400,Cheater,6237
7500,Cooperator,90
7500,Cheater,6221
7600,Cooperator,87
7600,Cheater,6421
7700,Cooperator,99
7700,Cheater,6556
7800,Cooperator,74
7800,Cheater,6531
7900,Cooperator,120
7900,Cheater,6586
8000,Cooperator,93
8000,Cheater,6660
8100,Cooperator,106
8100,Cheater,6557
8200,Cooperator,146
8200,Cheater,6704
8300,Cooperator,103
8300,Cheater,6749
8400,Cooperator,156
8400,Cheater,6526
8500,Cooperator,192
8500,Cheater,6968
8600,Cooperator,233
8600,Cheater,6847
8700,Cooperator,258
8700,Cheater,6511
8800,Cooperator,265
8800,Cheater,6647
8900,Cooperator,368
8900,Cheater,6738
9000,Cooperator,320
9000,Cheater,6643
9100,Cooperator,242
9100,Cheater,6630
9200,Cooperator,346
9200,Cheater,7067
9300,Cooperator,384
9300,Cheater,6825
9400,Cooperator,403
9400,Cheater,6881
9500,Cooperator,488
9500,Cheater,6943
9600,Cooperator,529
9600,Cheater,6403
9700,Cooperator,595
9700,Cheater,6797
9800,Cooperator,561
9800,Cheater,6766
9900,Cooperator,518
9900,Cheater,6872
10000,Cooperator,493
10000,Cheater,6627
10100,Cooperator,427
10100,Cheater,6817
10200,Cooperator,444
10200,Cheater,6857
10300,Cooperator,706
10300,Cheater,6747
10400,Cooperator,919
10400,Cheater,6861
10500,Cooperator,956
10500,Cheater,6569
10600,Cooperator,914
10600,Cheater,6733
10700,Cooperator,845
10700,Cheater,6747
10800,Cooperator,788
10800,Cheater,6809
10900,Cooperator,664
10900,Cheater,6951
11000,Cooperator,678
11000,Cheater,7115
11100,Cooperator,590
11100,Cheater,6642
11200,Cooperator,568
11200,Cheater,6869
11300,Cooperator,750
11300,Cheater,6944
11400,Cooperator,727
11400,Cheater,6629
11500,Cooperator,783
11500,Cheater,6771
11600,Cooperator,801
11600,Cheater,6798
11700,Cooperator,1034
11700,Cheater,6597
11800,Cooperator,935
11800,Cheater,6619
11900,Cooperator,900
11900,Cheater,6884
12000,Cooperator,901
12000,Cheater,6682
12100,Cooperator,768
12100,Cheater,7118
12200,Cooperator,762
12200,Cheater,6797
12300,Cooperator,746
12300,Cheater,6796
12400,Cooperator,656
12400,Cheater,7095
12500,Cooperator,648
12500,Cheater,6813
12600,Cooperator,738
12600,Cheater,6979
12700,Cooperator,850
12700,Cheater,6571
12800,Cooperator,842
12800,Cheater,6682
12900,Cooperator,835
12900,Cheater,6606
13000,Cooperator,915
13000,Cheater,6658
13100,Cooperator,848
13100,Cheater,6542
13200,Cooperator,925
13200,Cheater,6871
13300,Cooperator,876
13300,Cheater,6892
13400,Cooperator,831
13400,Cheater,6765
13500,Cooperator,771
13500,Cheater,6850
13600,Cooperator,834
13600,Cheater,6943
13700,Cooperator,1094
13700,Cheater,6473
13800,Cooperator,1126
13800,Cheater,6524
13900,Cooperator,1103
13900,Cheater,6681
14000,Cooperator,993
14000,Cheater,6934
14100,Cooperator,958
14100,Cheater,6773
14200,Cooperator,984
14200,Cheater,6665
14300,Cooperator,819
14300,Cheater,7056
14400,Cooperator,861
14400,Cheater,6625
14500,Cooperator,858
14500,Cheater,6822
14600,Cooperator,773
14600,Cheater,6733
14700,Cooperator,659
14700,Cheater,6643
14800,Cooperator,624
14800,Cheater,6349
14900,Cooperator,407
14900,Cheater,5866
15000,Cooperator,332
15000,Cheater,5933
15100,Cooperator,384
15100,Cheater,6114
15200,Cooperator,381
15200,Cheater,6610
15300,Cooperator,211
15300,Cheater,6443
15400,Cooperator,203
15400,Cheater,6356
15500,Cooperator,227
15500,Cheater,6805
15600,Cooperator,169
15600,Cheater,6842
15700,Cooperator,173
15700,Cheater,6825
15800,Cooperator,165
15800,Cheater,6862
15900,Cooperator,191
15900,Cheater,6751
16000,Cooperator,191
16000,Cheater,6985
16100,Cooperator,178
16100,Cheater,6967
16200,Cooperator,170
16200,Cheater,6854
16300,Cooperator,180
16300,Cheater,6742
16400,Cooperator,171
16400,Cheater,6982
16500,Cooperator,183
16500,Cheater,7095
16600,Cooperator,180
16600,Cheater,6743
16700,Cooperator,185
16700,Cheater,7067
16800,Cooperator,179
16800,Cheater,6903
16900,Cooperator,162
16900,Cheater,6650
17000,Cooperator,163
17000,Cheater,6798
17100,Cooperator,185
17100,Cheater,6998
17200,Cooperator,195
17200,Cheater,6938
17300,Cooperator,183
17300,Cheater,6676
17400,Cooperator,179
17400,Cheater,6411
17500,Cooperator,194
17500,Cheater,6666
17600,Cooperator,178
17600,Cheater,6541
17700,Cooperator,152
17700,Cheater,6501
17800,Cooperator,162
17800,Cheater,6804
17900,Cooperator,167
17900,Cheater,6845
18000,Cooperator,186
18000,Cheater,6837
18100,Cooperator,187
18100,Cheater,6503
18200,Cooperator,145
18200,Cheater,6526
18300,Cooperator,179
18300,Cheater,6688
18400,Cooperator,166
18400,Cheater,6981
18500,Cooperator,194
18500,Cheater,6702
18600,Cooperator,166
18600,Cheater,6792
18700,Cooperator,151
18700,Cheater,6838
18800,Cooperator,154
18800,Cheater,6911
18900,Cooperator,189
18900,Cheater,6995
19000,Cooperator,172
19000,Cheater,6729
19100,Cooperator,184
19100,Cheater,7033
19200,Cooperator,157
19200,Cheater,7214
19300,Cooperator,178
19300,Cheater,7114
19400,Cooperator,141
19400,Cheater,7064
19500,Cooperator,160
19500,Cheater,6508
19600,Cooperator,164
19600,Cheater,6864
19700,Cooperator,155
19700,Cheater,7082
19800,Cooperator,144
19800,Cheater,6693
19900,Cooperator,167
19900,Cheater,6909
20000,Cooperator,161
20000,Cheater,7004
20100,Cooperator,167
20100,Cheater,6758
20200,Cooperator,179
20200,Cheater,7148
20300,Cooperator,161
20300,Cheater,6990
20400,Cooperator,213
20400,Cheater,6868
20500,Cooperator,173
20500,Cheater,7131
20600,Cooperator,138
20600,Cheater,6691
20700,Cooperator,173
20700,Cheater,7022
20800,Cooperator,165
20800,Cheater,6809
20900,Cooperator,185
20900,Cheater,6854
21000,Cooperator,198
21000,Cheater,6988
21100,Cooperator,180
21100,Cheater,6809
21200,Cooperator,176
21200,Cheater,6947
21300,Cooperator,156
21300,Cheater,6736
21400,Cooperator,178
21400,Cheater,6821
21500,Cooperator,172
21500,Cheater,6678
21600,Cooperator,155
21600,Cheater,6884
21700,Cooperator,171
21700,Cheater,6996
21800,Cooperator,148
21800,Cheater,6890
21900,Cooperator,172
21900,Cheater,6783
22000,Cooperator,198
22000,Cheater,7332
22100,Cooperator,159
22100,Cheater,6897
22200,Cooperator,172
22200,Cheater,6960
22300,Cooperator,221
22300,Cheater,7058
22400,Cooperator,173
22400,Cheater,6515
22500,Cooperator,166
22500,Cheater,6742
22600,Cooperator,169
22600,Cheater,6957
22700,Cooperator,146
22700,Cheater,6749
22800,Cooperator,171
22800,Cheater,6976
22900,Cooperator,207
22900,Cheater,7134
23000,Cooperator,175
23000,Cheater,6828
23100,Cooperator,169
23100,Cheater,6775
23200,Cooperator,163
23200,Cheater,7029
23300,Cooperator,168
23300,Cheater,6895
23400,Cooperator,172
23400,Cheater,7038
23500,Cooperator,171
23500,Cheater,6988
23600,Cooperator,167
23600,Cheater,6826
23700,Cooperator,185
23700,Cheater,7053
23800,Cooperator,165
23800,Cheater,6962
23900,Cooperator,166
23900,Cheater,7101
24000,Cooperator,194
24000,Cheater,7163
24100,Cooperator,150
24100,Cheater,7151
24200,Cooperator,168
24200,Cheater,7017
24300,Cooperator,194
24300,Cheater,6887
24400,Cooperator,201
24400,Cheater,7064
24500,Cooperator,192
24500,Cheater,7037
24600,Cooperator,166
24600,Cheater,7188
24700,Cooperator,182
24700,Cheater,6901
24800,Cooperator,177
24800,Cheater,7192
24900,Cooperator,153
24900,Cheater,6973
25000,Cooperator,187
25000,Cheater,7219
25100,Cooperator,172
25100,Cheater,7204
25200,Cooperator,174
25200,Cheater,7246
25300,Cooperator,190
25300,Cheater,7311
25400,Cooperator,171
25400,Cheater,7076
25500,Cooperator,195
25500,Cheater,7183
25600,Cooperator,163
25600,Cheater,7156
25700,Cooperator,167
25700,Cheater,7253
25800,Cooperator,162
25800,Cheater,7099
25900,Cooperator,154
25900,Cheater,7381
26000,Cooperator,172
26000,Cheater,6998
26100,Cooperator,183
26100,Cheater,7073
26200,Cooperator,199
26200,Cheater,7137
26300,Cooperator,174
26300,Cheater,7011
26400,Cooperator,175
26400,Cheater,6843
26500,Cooperator,184
26500,Cheater,7332
26600,Cooperator,164
26600,Cheater,7398
26700,Cooperator,162
26700,Cheater,7151
26800,Cooperator,167
26800,Cheater,6999
26900,Cooperator,179
26900,Cheater,7231
27000,Cooperator,179
27000,Cheater,7012
27100,Cooperator,183
27100,Cheater,7035
27200,Cooperator,179
27200,Cheater,6990
27300,Cooperator,184
27300,Cheater,7164
27400,Cooperator,174
27400,Cheater,7360
27500,Cooperator,184
27500,Cheater,7250
27600,Cooperator,173
27600,Cheater,7162
27700,Cooperator,179
27700,Cheater,7115
27800,Cooperator,176
27800,Cheater,7012
27900,Cooperator,161
27900,Cheater,7036
28000,Cooperator,191
28000,Cheater,6980
28100,Cooperator,197
28100,Cheater,6969
28200,Cooperator,193
28200,Cheater,6901
28300,Cooperator,191
28300,Cheater,7055
28400,Cooperator,169
28400,Cheater,7194
28500,Cooperator,212
28500,Cheater,7124
28600,Cooperator,174
28600,Cheater,7044
28700,Cooperator,170
28700,Cheater,7219
28800,Cooperator,223
28800,Cheater,6976
28900,Cooperator,211
28900,Cheater,6976
29000,Cooperator,178
29000,Cheater,7132
29100,Cooperator,167
29100,Cheater,6953
29200,Cooperator,164
29200,Cheater,6864
29300,Cooperator,200
29300,Cheater,7229
29400,Cooperator,187
29400,Cheater,7153
29500,Cooperator,176
29500,Cheater,7145
29600,Cooperator,188
29600,Cheater,7155
29700,Cooperator,203
29700,Cheater,7142
29800,Cooperator,189
29800,Cheater,7091
29900,Cooperator,190
29900,Cheater,7122
30000,Cooperator,165
30000,Cheater,7034
30100,Cooperator,167
30100,Cheater,7104
30200,Cooperator,153
30200,Cheater,6839
30300,Cooperator,174
30300,Cheater,6998
30400,Cooperator,141
30400,Cheater,7026
30500,Cooperator,182
30500,Cheater,6907
30600,Cooperator,179
30600,Cheater,7312
30700,Cooperator,178
30700,Cheater,7033
30800,Cooperator,213
30800,Cheater,6836
30900,Cooperator,162
30900,Cheater,7106
31000,Cooperator,166
31000,Cheater,7259
31100,Cooperator,162
31100,Cheater,7159
31200,Cooperator,179
31200,Cheater,6905
31300,Cooperator,166
31300,Cheater,7040
31400,Cooperator,176
31400,Cheater,7085
31500,Cooperator,176
31500,Cheater,7021
31600,Cooperator,183
31600,Cheater,6944
31700,Cooperator,159
31700,Cheater,7348
31800,Cooperator,190
31800,Cheater,7254
31900,Cooperator,195
31900,Cheater,7142
32000,Cooperator,182
32000,Cheater,6941
32100,Cooperator,193
32100,Cheater,7191
32200,Cooperator,154
32200,Cheater,7385
32300,Cooperator,220
32300,Cheater,7406
32400,Cooperator,183
32400,Cheater,7152
32500,Cooperator,169
32500,Cheater,7242
32600,Cooperator,169
32600,Cheater,7063
32700,Cooperator,211
32700,Cheater,7155
32800,Cooperator,177
32800,Cheater,7277
32900,Cooperator,163
32900,Cheater,7091
33000,Cooperator,178
33000,Cheater,7230
33100,Cooperator,180
33100,Cheater,7023
33200,Cooperator,199
33200,Cheater,7003
33300,Cooperator,160
33300,Cheater,7263
33400,Cooperator,163
33400,Cheater,7233
33500,Cooperator,170
33500,Cheater,6796
33600,Cooperator,169
33600,Cheater,6862
33700,Cooperator,183
33700,Cheater,7063
33800,Cooperator,169
33800,Cheater,7256
33900,Cooperator,172
33900,Cheater,7218
34000,Cooperator,198
34000,Cheater,7311
34100,Cooperator,183
34100,Cheater,7104
34200,Cooperator,222
34200,Cheater,7095
34300,Cooperator,177
34300,Cheater,7002
34400,Cooperator,151
34400,Cheater,7117
34500,Cooperator,184
34500,Cheater,6916
34600,Cooperator,151
34600,Cheater,7176
34700,Cooperator,203
34700,Cheater,7354
34800,Cooperator,192
34800,Cheater,7046
34900,Cooperator,182
34900,Cheater,7127
35000,Cooperator,184
35000,Cheater,7111
35100,Cooperator,178
35100,Cheater,7251
35200,Cooperator,181
35200,Cheater,7075
35300,Cooperator,186
35300,Cheater,6860
35400,Cooperator,194
35400,Cheater,7064
35500,Cooperator,198
35500,Cheater,7016
35600,Cooperator,194
35600,Cheater,7205
35700,Cooperator,187
35700,Cheater,7277
35800,Cooperator,171
35800,Cheater,7129
35900,Cooperator,188
35900,Cheater,7197
36000,Cooperator,203
36000,Cheater,7133
36100,Cooperator,234
36100,Cheater,7307
36200,Cooperator,203
36200,Cheater,7355
36300,Cooperator,222
36300,Cheater,7121
36400,Cooperator,212
36400,Cheater,7151
36500,Cooperator,228
36500,Cheater,7030
36600,Cooperator,199
36600,Cheater,7176
36700,Cooperator,191
36700,Cheater,7101
36800,Cooperator,208
36800,Cheater,7040
36900,Cooperator,196
36900,Cheater,7022
37000,Cooperator,209
37000,Cheater,7154
37100,Cooperator,180
37100,Cheater,7121
37200,Cooperator,175
37200,Cheater,7141
37300,Cooperator,209
37300,Cheater,6880
37400,Cooperator,179
37400,Cheater,6892
37500,Cooperator,197
37500,Cheater,7032
37600,Cooperator,193
37600,Cheater,6891
37700,Cooperator,215
37700,Cheater,7134
37800,Cooperator,217
37800,Cheater,7028
37900,Cooperator,207
37900,Cheater,7164
38000,Cooperator,168
38000,Cheater,6911
38100,Cooperator,222
38100,Cheater,6933
38200,Cooperator,232
38200,Cheater,7051
38300,Cooperator,195
38300,Cheater,7164
38400,Cooperator,185
38400,Cheater,6999
38500,Cooperator,188
38500,Cheater,7031
38600,Cooperator,201
38600,Cheater,6860
38700,Cooperator,207
38700,Cheater,7055
38800,Cooperator,217
38800,Cheater,7097
38900,Cooperator,209
38900,Cheater,7180
39000,Cooperator,229
39000,Cheater,7059
39100,Cooperator,215
39100,Cheater,7189
39200,Cooperator,210
39200,Cheater,7130
39300,Cooperator,222
39300,Cheater,7035
39400,Cooperator,188
39400,Cheater,7222
39500,Cooperator,172
39500,Cheater,7126
39600,Cooperator,187
39600,Cheater,7163
39700,Cooperator,206
39700,Cheater,6940
39800,Cooperator,246
39800,Cheater,7331
39900,Cooperator,203
39900,Cheater,6981
40000,Cooperator,204
40000,Cheater,7245
40100,Cooperator,192
40100,Cheater,7125
40200,Cooperator,178
40200,Cheater,7148
40300,Cooperator,197
40300,Cheater,6935
40400,Cooperator,190
40400,Cheater,7139
40500,Cooperator,168
40500,Cheater,7150
40600,Cooperator,183
40600,Cheater,6776
40700,Cooperator,173
40700,Cheater,7201
40800,Cooperator,190
40800,Cheater,7214
40900,Cooperator,209
40900,Cheater,7292
41000,Cooperator,185
41000,Cheater,7197
41100,Cooperator,190
41100,Cheater,6889
41200,Cooperator,197
41200,Cheater,6900
41300,Cooperator,183
41300,Cheater,7073
41400,Cooperator,204
41400,Cheater,7032
41500,Cooperator,181
41500,Cheater,6711
41600,Cooperator,187
41600,Cheater,6831
41700,Cooperator,195
41700,Cheater,6909
41800,Cooperator,194
41800,Cheater,7036
41900,Cooperator,185
41900,Cheater,6924
42000,Cooperator,183
42000,Cheater,6804
42100,Cooperator,190
42100,Cheater,7028
42200,Cooperator,193
42200,Cheater,7122
42300,Cooperator,199
42300,Cheater,7196
42400,Cooperator,198
42400,Cheater,7278
42500,Cooperator,207
42500,Cheater,7117
42600,Cooperator,218
42600,Cheater,7012
42700,Cooperator,219
42700,Cheater,7249
42800,Cooperator,201
42800,Cheater,7470
42900,Cooperator,210
42900,Cheater,7225
43000,Cooperator,227
43000,Cheater,7102
43100,Cooperator,214
43100,Cheater,7180
43200,Cooperator,209
43200,Cheater,7092
43300,Cooperator,210
43300,Cheater,7275
43400,Cooperator,162
43400,Cheater,6969
43500,Cooperator,206
43500,Cheater,7251
43600,Cooperator,218
43600,Cheater,7135
43700,Cooperator,209
43700,Cheater,7182
43800,Cooperator,198
43800,Cheater,7237
43900,Cooperator,200
43900,Cheater,7408
44000,Cooperator,231
44000,Cheater,7253
44100,Cooperator,221
44100,Cheater,7374
44200,Cooperator,225
44200,Cheater,7262
44300,Cooperator,195
44300,Cheater,7371
44400,Cooperator,234
44400,Cheater,7339
44500,Cooperator,234
44500,Cheater,7101
44600,Cooperator,227
44600,Cheater,7283
44700,Cooperator,222
44700,Cheater,7055
44800,Cooperator,214
44800,Cheater,7265
44900,Cooperator,204
44900,Cheater,7562
45000,Cooperator,256
45000,Cheater,7168
45100,Cooperator,194
45100,Cheater,7322
45200,Cooperator,205
45200,Cheater,7386
45300,Cooperator,233
45300,Cheater,7255
45400,Cooperator,233
45400,Cheater,7421
45500,Cooperator,219
45500,Cheater,7370
45600,Cooperator,262
45600,Cheater,7334
45700,Cooperator,220
45700,Cheater,7180
45800,Cooperator,259
45800,Cheater,7363
45900,Cooperator,235
45900,Cheater,7377
46000,Cooperator,218
46000,Cheater,7381
46100,Cooperator,216
46100,Cheater,7409
46200,Cooperator,210
46200,Cheater,7320
46300,Cooperator,229
46300,Cheater,7398
46400,Cooperator,214
46400,Cheater,7450
46500,Cooperator,221
46500,Cheater,7388
46600,Cooperator,204
46600,Cheater,7361
46700,Cooperator,243
46700,Cheater,7234
46800,Cooperator,196
46800,Cheater,7187
46900,Cooperator,244
46900,Cheater,7305
47000,Cooperator,183
47000,Cheater,7286
47100,Cooperator,202
47100,Cheater,6948
47200,Cooperator,227
47200,Cheater,7179
47300,Cooperator,233
47300,Cheater,7430
47400,Cooperator,228
47400,Cheater,7306
47500,Cooperator,220
47500,Cheater,7336
47600,Cooperator,202
47600,Cheater,7312
47700,Cooperator,225
47700,Cheater,7137
47800,Cooperator,215
47800,Cheater,7180
47900,Cooperator,215
47900,Cheater,7303
48000,Cooperator,228
48000,Cheater,7251
48100,Cooperator,196
48100,Cheater,7425
48200,Cooperator,240
48200,Cheater,7194
48300,Cooperator,238
48300,Cheater,7247
48400,Cooperator,234
48400,Cheater,7354
48500,Cooperator,204
48500,Cheater,7410
48600,Cooperator,214
48600,Cheater,7394
48700,Cooperator,205
48700,Cheater,7278
48800,Cooperator,215
48800,Cheater,7422
48900,Cooperator,223
48900,Cheater,7452
49000,Cooperator,239
49000,Cheater,7110
49100,Cooperator,228
49100,Cheater,7455
49200,Cooperator,239
49200,Cheater,7310
49300,Cooperator,203
49300,Cheater,7465
49400,Cooperator,218
49400,Cheater,7505
49500,Cooperator,222
49500,Cheater,7391
49600,Cooperator,190
49600,Cheater,7373
49700,Cooperator,257
49700,Cheater,7442
49800,Cooperator,227
49800,Cheater,7565
49900,Cooperator,217
49900,Cheater,7567
50000,Cooperator,211
50000,Cheater,7527
50100,Cooperator,221
50100,Cheater,7469
50200,Cooperator,238
50200,Cheater,7343
50300,Cooperator,230
50300,Cheater,7362
50400,Cooperator,204
50400,Cheater,7454
50500,Cooperator,232
50500,Cheater,7441
50600,Cooperator,258
50600,Cheater,7421
50700,Cooperator,200
50700,Cheater,7731
50800,Cooperator,206
50800,Cheater,7408
50900,Cooperator,198
50900,Cheater,7598
51000,Cooperator,239
51000,Cheater,7491
51100,Cooperator,248
51100,Cheater,7225
51200,Cooperator,211
51200,Cheater,7429
51300,Cooperator,212
51300,Cheater,7304
51400,Cooperator,235
51400,Cheater,7462
51500,Cooperator,195
51500,Cheater,7426
51600,Cooperator,218
51600,Cheater,7559
51700,Cooperator,211
51700,Cheater,7402
51800,Cooperator,252
51800,Cheater,7425
51900,Cooperator,236
51900,Cheater,7283
52000,Cooperator,207
52000,Cheater,7257
52100,Cooperator,231
52100,Cheater,7524
52200,Cooperator,203
52200,Cheater,7416
52300,Cooperator,229
52300,Cheater,7526
52400,Cooperator,215
52400,Cheater,7551
52500,Cooperator,201
52500,Cheater,7382
52600,Cooperator,226
52600,Cheater,7377
52700,Cooperator,210
52700,Cheater,7431
52800,Cooperator,176
52800,Cheater,7452
52900,Cooperator,251
52900,Cheater,7454
53000,Cooperator,210
53000,Cheater,7467
53100,Cooperator,233
53100,Cheater,7308
53200,Cooperator,204
53200,Cheater,7385
53300,Cooperator,255
53300,Cheater,7348
53400,Cooperator,231
53400,Cheater,7332
53500,Cooperator,206
53500,Cheater,7604
53600,Cooperator,196
53600,Cheater,7521
53700,Cooperator,209
53700,Cheater,7603
53800,Cooperator,193
53800,Cheater,7501
53900,Cooperator,235
53900,Cheater,7512
54000,Cooperator,220
54000,Cheater,7387
54100,Cooperator,224
54100,Cheater,7412
54200,Cooperator,227
54200,Cheater,7367
54300,Cooperator,245
54300,Cheater,7453
54400,Cooperator,233
54400,Cheater,7582
54500,Cooperator,204
54500,Cheater,7420
54600,Cooperator,211
54600,Cheater,7334
54700,Cooperator,220
54700,Cheater,7358
54800,Cooperator,236
54800,Cheater,7474
54900,Cooperator,270
54900,Cheater,7599
55000,Cooperator,214
55000,Cheater,7558
55100,Cooperator,179
55100,Cheater,7566
55200,Cooperator,222
55200,Cheater,7495
55300,Cooperator,219
55300,Cheater,7410
55400,Cooperator,200
55400,Cheater,7330
55500,Cooperator,232
55500,Cheater,7496
55600,Cooperator,218
55600,Cheater,7510
55700,Cooperator,245
55700,Cheater,7306
55800,Cooperator,208
55800,Cheater,7433
55900,Cooperator,228
55900,Cheater,7480
56000,Cooperator,191
56000,Cheater,7349
56100,Cooperator,195
56100,Cheater,7477
56200,Cooperator,197
56200,Cheater,7367
56300,Cooperator,234
56300,Cheater,7300
56400,Cooperator,211
56400,Cheater,7445
56500,Cooperator,227
56500,Cheater,7442
56600,Cooperator,224
56600,Cheater,7271
56700,Cooperator,209
56700,Cheater,7490
56800,Cooperator,203
56800,Cheater,7312
56900,Cooperator,245
56900,Cheater,7455
57000,Cooperator,226
57000,Cheater,7491
57100,Cooperator,216
57100,Cheater,7546
57200,Cooperator,239
57200,Cheater,7504
57300,Cooperator,213
57300,Cheater,7250
57400,Cooperator,214
57400,Cheater,7551
57500,Cooperator,266
57500,Cheater,7417
57600,Cooperator,215
57600,Cheater,7437
57700,Cooperator,200
57700,Cheater,7496
57800,Cooperator,207
57800,Cheater,7367
57900,Cooperator,230
57900,Cheater,7417
58000,Cooperator,199
58000,Cheater,7420
58100,Cooperator,220
58100,Cheater,7372
58200,Cooperator,214
58200,Cheater,7356
58300,Cooperator,204
58300,Cheater,7320
58400,Cooperator,242
58400,Cheater,7580
58500,Cooperator,233
58500,Cheater,7452
58600,Cooperator,256
58600,Cheater,7442
58700,Cooperator,216
58700,Cheater,7361
58800,Cooperator,213
58800,Cheater,7622
58900,Cooperator,237
58900,Cheater,7667
59000,Cooperator,211
59000,Cheater,7479
59100,Cooperator,225
59100,Cheater,7671
59200,Cooperator,220
59200,Cheater,7499
59300,Cooperator,208
59300,Cheater,7258
59400,Cooperator,230
59400,Cheater,7426
59500,Cooperator,211
59500,Cheater,7380
59600,Cooperator,216
59600,Cheater,7551
59700,Cooperator,216
59700,Cheater,7655
59800,Cooperator,215
59800,Cheater,7441
59900,Cooperator,241
59900,Cheater,7144
60000,Cooperator,232
60000,Cheater,7370
60100,Cooperator,205
60100,Cheater,7204
60200,Cooperator,201
60200,Cheater,7151
60300,Cooperator,217
60300,Cheater,7308
60400,Cooperator,238
60400,Cheater,7439
60500,Cooperator,185
60500,Cheater,7408
60600,Cooperator,205
60600,Cheater,7411
60700,Cooperator,209
60700,Cheater,7515
60800,Cooperator,188
60800,Cheater,7194
60900,Cooperator,194
60900,Cheater,7377
61000,Cooperator,178
61000,Cheater,7460
61100,Cooperator,193
61100,Cheater,7286
61200,Cooperator,204
61200,Cheater,7453
61300,Cooperator,238
61300,Cheater,7252
61400,Cooperator,198
61400,Cheater,7506
61500,Cooperator,213
61500,Cheater,7539
61600,Cooperator,219
61600,Cheater,7351
61700,Cooperator,210
61700,Cheater,7338
61800,Cooperator,198
61800,Cheater,7370
61900,Cooperator,214
61900,Cheater,7581
62000,Cooperator,192
62000,Cheater,7627
62100,Cooperator,212
62100,Cheater,7479
62200,Cooperator,231
62200,Cheater,7450
62300,Cooperator,213
62300,Cheater,7369
62400,Cooperator,210
62400,Cheater,7268
62500,Cooperator,219
62500,Cheater,7255
62600,Cooperator,206
62600,Cheater,7490
62700,Cooperator,216
62700,Cheater,7640
62800,Cooperator,213
62800,Cheater,7323
62900,Cooperator,222
62900,Cheater,7315
63000,Cooperator,170
63000,Cheater,7404
63100,Cooperator,231
63100,Cheater,7314
63200,Cooperator,235
63200,Cheater,7523
63300,Cooperator,193
63300,Cheater,7470
63400,Cooperator,176
63400,Cheater,7395
63500,Cooperator,228
63500,Cheater,7472
63600,Cooperator,241
63600,Cheater,7452
63700,Cooperator,197
63700,Cheater,7449
63800,Cooperator,230
63800,Cheater,7271
63900,Cooperator,210
63900,Cheater,7378
64000,Cooperator,215
64000,Cheater,7357
64100,Cooperator,204
64100,Cheater,7421
64200,Cooperator,208
64200,Cheater,7400
64300,Cooperator,229
64300,Cheater,7365
64400,Cooperator,243
64400,Cheater,7381
64500,Cooperator,245
64500,Cheater,7308
64600,Cooperator,212
64600,Cheater,7499
64700,Cooperator,228
64700,Cheater,7411
64800,Cooperator,227
64800,Cheater,7446
64900,Cooperator,210
64900,Cheater,7297
65000,Cooperator,201
65000,Cheater,7458
65100,Cooperator,188
65100,Cheater,7331
65200,Cooperator,216
65200,Cheater,7452
65300,Cooperator,210
65300,Cheater,7202
65400,Cooperator,221
65400,Cheater,7500
65500,Cooperator,237
65500,Cheater,7445
65600,Cooperator,223
65600,Cheater,7173
65700,Cooperator,237
65700,Cheater,7461
65800,Cooperator,241
65800,Cheater,7128
65900,Cooperator,228
65900,Cheater,7588
66000,Cooperator,200
66000,Cheater,7562
66100,Cooperator,243
66100,Cheater,7470
66200,Cooperator,224
66200,Cheater,7369
66300,Cooperator,200
66300,Cheater,7420
66400,Cooperator,259
66400,Cheater,7368
66500,Cooperator,217
66500,Cheater,7383
66600,Cooperator,214
66600,Cheater,7208
66700,Cooperator,217
66700,Cheater,7539
66800,Cooperator,251
66800,Cheater,7549
66900,Cooperator,221
66900,Cheater,7411
67000,Cooperator,208
67000,Cheater,7511
67100,Cooperator,226
67100,Cheater,7477
67200,Cooperator,230
67200,Cheater,7446
67300,Cooperator,183
67300,Cheater,7496
67400,Cooperator,232
67400,Cheater,7447
67500,Cooperator,184
67500,Cheater,7322
67600,Cooperator,210
67600,Cheater,7375
67700,Cooperator,205
67700,Cheater,7466
67800,Cooperator,198
67800,Cheater,7467
67900,Cooperator,222
67900,Cheater,7203
68000,Cooperator,243
68000,Cheater,7462
68100,Cooperator,194
68100,Cheater,7780
68200,Cooperator,215
68200,Cheater,7552
68300,Cooperator,245
68300,Cheater,7305
68400,Cooperator,223
68400,Cheater,7634
68500,Cooperator,231
68500,Cheater,7406
68600,Cooperator,214
68600,Cheater,7474
68700,Cooperator,246
68700,Cheater,7553
68800,Cooperator,176
68800,Cheater,7353
68900,Cooperator,237
68900,Cheater,7406
69000,Cooperator,228
69000,Cheater,7397
69100,Cooperator,208
69100,Cheater,7338
69200,Cooperator,198
69200,Cheater,7450
69300,Cooperator,171
69300,Cheater,7262
69400,Cooperator,224
69400,Cheater,7306
69500,Cooperator,219
69500,Cheater,7343
69600,Cooperator,215
69600,Cheater,7445
69700,Cooperator,189
69700,Cheater,7351
69800,Cooperator,231
69800,Cheater,7444
69900,Cooperator,198
69900,Cheater,7121
70000,Cooperator,235
70000,Cheater,7402
70100,Cooperator,212
70100,Cheater,7315
70200,Cooperator,206
70200,Cheater,7309
70300,Cooperator,192
70300,Cheater,7437
70400,Cooperator,205
70400,Cheater,7216
70500,Cooperator,206
70500,Cheater,7360
70600,Cooperator,211
70600,Cheater,7399
70700,Cooperator,208
70700,Cheater,7443
70800,Cooperator,242
70800,Cheater,7419
70900,Cooperator,243
70900,Cheater,7483
71000,Cooperator,210
71000,Cheater,7435
71100,Cooperator,199
71100,Cheater,7480
71200,Cooperator,240
71200,Cheater,7501
71300,Cooperator,166
71300,Cheater,7556
71400,Cooperator,230
71400,Cheater,7420
71500,Cooperator,172
71500,Cheater,7368
71600,Cooperator,212
71600,Cheater,7443
71700,Cooperator,183
71700,Cheater,7321
71800,Cooperator,206
71800,Cheater,7468
71900,Cooperator,183
71900,Cheater,7698
72000,Cooperator,185
72000,Cheater,7320
72100,Cooperator,217
72100,Cheater,7345
72200,Cooperator,203
72200,Cheater,7228
72300,Cooperator,224
72300,Cheater,7248
72400,Cooperator,215
72400,Cheater,7376
72500,Cooperator,215
72500,Cheater,7306
72600,Cooperator,192
72600,Cheater,7317
72700,Cooperator,225
72700,Cheater,7275
72800,Cooperator,207
72800,Cheater,7444
72900,Cooperator,234
72900,Cheater,7232
73000,Cooperator,221
73000,Cheater,7363
73100,Cooperator,192
73100,Cheater,7338
73200,Cooperator,205
73200,Cheater,7336
73300,Cooperator,217
73300,Cheater,7363
73400,Cooperator,242
73400,Cheater,7627
73500,Cooperator,225
73500,Cheater,7241
73600,Cooperator,180
73600,Cheater,7416
73700,Cooperator,220
73700,Cheater,7492
73800,Cooperator,222
73800,Cheater,7254
73900,Cooperator,193
73900,Cheater,7316
74000,Cooperator,198
74000,Cheater,7271
74100,Cooperator,210
74100,Cheater,7199
74200,Cooperator,215
74200,Cheater,7293
74300,Cooperator,234
74300,Cheater,7343
74400,Cooperator,179
74400,Cheater,7391
74500,Cooperator,240
74500,Cheater,7400
74600,Cooperator,197
74600,Cheater,7287
74700,Cooperator,235
74700,Cheater,7261
74800,Cooperator,218
74800,Cheater,7313
74900,Cooperator,203
74900,Cheater,7377
75000,Cooperator,207
75000,Cheater,7425
75100,Cooperator,197
75100,Cheater,7374
75200,Cooperator,213
75200,Cheater,7390
75300,Cooperator,226
75300,Cheater,7548
75400,Cooperator,224
75400,Cheater,7332
75500,Cooperator,254
75500,Cheater,7222
75600,Cooperator,208
75600,Cheater,7339
75700,Cooperator,209
75700,Cheater,7345
75800,Cooperator,210
75800,Cheater,7379
75900,Cooperator,203
75900,Cheater,7208
76000,Cooperator,179
76000,Cheater,7322
76100,Cooperator,227
76100,Cheater,7129
76200,Cooperator,183
76200,Cheater,7355
76300,Cooperator,223
76300,Cheater,7383
76400,Cooperator,212
76400,Cheater,7453
76500,Cooperator,185
76500,Cheater,7425
76600,Cooperator,199
76600,Cheater,7342
76700,Cooperator,215
76700,Cheater,7409
76800,Cooperator,204
76800,Cheater,7392
76900,Cooperator,200
76900,Cheater,7383
77000,Cooperator,222
77000,Cheater,7227
77100,Cooperator,216
77100,Cheater,7382
77200,Cooperator,172
77200,Cheater,7466
77300,Cooperator,186
77300,Cheater,7569
77400,Cooperator,210
77400,Cheater,7311
77500,Cooperator,218
77500,Cheater,7482
77600,Cooperator,223
77600,Cheater,7339
77700,Cooperator,215
77700,Cheater,7273
77800,Cooperator,178
77800,Cheater,7416
77900,Cooperator,224
77900,Cheater,7472
78000,Cooperator,170
78000,Cheater,7352
78100,Cooperator,208
78100,Cheater,7427
78200,Cooperator,199
78200,Cheater,7401
78300,Cooperator,265
78300,Cheater,7478
78400,Cooperator,213
78400,Cheater,7391
78500,Cooperator,205
78500,Cheater,7428
78600,Cooperator,237
78600,Cheater,7250
78700,Cooperator,225
78700,Cheater,7551
78800,Cooperator,198
78800,Cheater,7599
78900,Cooperator,199
78900,Cheater,7581
79000,Cooperator,213
79000,Cheater,7442
79100,Cooperator,218
79100,Cheater,7551
79200,Cooperator,181
79200,Cheater,7481
79300,Cooperator,206
79300,Cheater,7460
79400,Cooperator,228
79400,Cheater,7384
79500,Cooperator,237
79500,Cheater,7385
79600,Cooperator,209
79600,Cheater,7276
79700,Cooperator,208
79700,Cheater,7561
79800,Cooperator,220
79800,Cheater,7406
79900,Cooperator,206
79900,Cheater,7616
80000,Cooperator,247
80000,Cheater,7413
80100,Cooperator,189
80100,Cheater,7524
80200,Cooperator,181
80200,Cheater,7352
80300,Cooperator,235
80300,Cheater,7364
80400,Cooperator,222
80400,Cheater,7274
80500,Cooperator,209
80500,Cheater,7348
80600,Cooperator,225
80600,Cheater,7409
80700,Cooperator,209
80700,Cheater,7273
80800,Cooperator,241
80800,Cheater,7481
80900,Cooperator,197
80900,Cheater,7296
81000,Cooperator,226
81000,Cheater,7569
81100,Cooperator,224
81100,Cheater,7651
81200,Cooperator,235
81200,Cheater,7518
81300,Cooperator,204
81300,Cheater,7665
81400,Cooperator,210
81400,Cheater,7387
81500,Cooperator,232
81500,Cheater,7463
81600,Cooperator,218
81600,Cheater,7297
81700,Cooperator,250
81700,Cheater,7727
81800,Cooperator,197
81800,Cheater,7413
81900,Cooperator,234
81900,Cheater,7360
82000,Cooperator,232
82000,Cheater,7276
82100,Cooperator,217
82100,Cheater,7184
82200,Cooperator,234
82200,Cheater,7473
82300,Cooperator,222
82300,Cheater,7258
82400,Cooperator,253
82400,Cheater,7538
82500,Cooperator,257
82500,Cheater,7608
82600,Cooperator,240
82600,Cheater,7594
82700,Cooperator,255
82700,Cheater,7562
82800,Cooperator,219
82800,Cheater,7595
82900,Cooperator,238
82900,Cheater,7452
83000,Cooperator,221
83000,Cheater,7548
83100,Cooperator,233
83100,Cheater,7538
83200,Cooperator,214
83200,Cheater,7547
83300,Cooperator,204
83300,Cheater,7763
83400,Cooperator,198
83400,Cheater,7532
83500,Cooperator,187
83500,Cheater,7491
83600,Cooperator,240
83600,Cheater,7448
83700,Cooperator,222
83700,Cheater,7304
83800,Cooperator,215
83800,Cheater,7214
83900,Cooperator,249
83900,Cheater,7477
84000,Cooperator,210
84000,Cheater,7419
84100,Cooperator,215
84100,Cheater,7517
84200,Cooperator,215
84200,Cheater,7471
84300,Cooperator,263
84300,Cheater,7466
84400,Cooperator,259
84400,Cheater,7381
84500,Cooperator,210
84500,Cheater,7315
84600,Cooperator,249
84600,Cheater,7329
84700,Cooperator,223
84700,Cheater,7353
84800,Cooperator,210
84800,Cheater,7438
84900,Cooperator,226
84900,Cheater,7330
85000,Cooperator,234
85000,Cheater,7550
85100,Cooperator,246
85100,Cheater,7487
85200,Cooperator,219
85200,Cheater,7472
85300,Cooperator,243
85300,Cheater,7381
85400,Cooperator,216
85400,Cheater,7450
85500,Cooperator,222
85500,Cheater,7320
85600,Cooperator,217
85600,Cheater,7554
85700,Cooperator,246
85700,Cheater,7434
85800,Cooperator,253
85800,Cheater,7362
85900,Cooperator,221
85900,Cheater,7446
86000,Cooperator,244
86000,Cheater,7536
86100,Cooperator,235
86100,Cheater,7660
86200,Cooperator,227
86200,Cheater,7490
86300,Cooperator,261
86300,Cheater,7605
86400,Cooperator,209
86400,Cheater,7378
86500,Cooperator,198
86500,Cheater,7371
86600,Cooperator,230
86600,Cheater,7514
86700,Cooperator,194
86700,Cheater,7593
86800,Cooperator,235
86800,Cheater,7515
86900,Cooperator,234
86900,Cheater,7299
87000,Cooperator,217
87000,Cheater,7295
87100,Cooperator,248
87100,Cheater,7431
87200,Cooperator,214
87200,Cheater,7285
87300,Cooperator,211
87300,Cheater,7585
87400,Cooperator,190
87400,Cheater,7461
87500,Cooperator,226
87500,Cheater,7240
87600,Cooperator,203
87600,Cheater,7280
87700,Cooperator,220
87700,Cheater,7400
87800,Cooperator,211
87800,Cheater,7352
87900,Cooperator,226
87900,Cheater,7384
88000,Cooperator,182
88000,Cheater,7235
88100,Cooperator,209
88100,Cheater,7108
88200,Cooperator,209
88200,Cheater,7207
88300,Cooperator,218
88300,Cheater,7349
88400,Cooperator,202
88400,Cheater,7243
88500,Cooperator,192
88500,Cheater,7249
88600,Cooperator,211
88600,Cheater,7292
88700,Cooperator,197
88700,Cheater,7514
88800,Cooperator,234
88800,Cheater,7400
88900,Cooperator,215
88900,Cheater,7322
89000,Cooperator,202
89000,Cheater,7441
89100,Cooperator,217
89100,Cheater,7362
89200,Cooperator,206
89200,Cheater,7331
89300,Cooperator,209
89300,Cheater,7287
89400,Cooperator,186
89400,Cheater,7290
89500,Cooperator,220
89500,Cheater,7417
89600,Cooperator,240
89600,Cheater,7730
89700,Cooperator,224
89700,Cheater,7415
89800,Cooperator,211
89800,Cheater,7615
89900,Cooperator,221
89900,Cheater,7351
90000,Cooperator,191
90000,Cheater,7656
90100,Cooperator,222
90100,Cheater,7538
90200,Cooperator,215
90200,Cheater,7677
90300,Cooperator,260
90300,Cheater,7320
90400,Cooperator,209
90400,Cheater,7459
90500,Cooperator,218
90500,Cheater,7601
90600,Cooperator,207
90600,Cheater,7403
90700,Cooperator,228
90700,Cheater,7511
90800,Cooperator,204
90800,Cheater,7316
90900,Cooperator,222
90900,Cheater,7505
91000,Cooperator,183
91000,Cheater,7551
91100,Cooperator,220
91100,Cheater,7653
91200,Cooperator,221
91200,Cheater,7585
91300,Cooperator,207
91300,Cheater,7134
91400,Cooperator,195
91400,Cheater,7524
91500,Cooperator,160
91500,Cheater,7453
91600,Cooperator,229
91600,Cheater,7498
91700,Cooperator,205
91700,Cheater,7306
91800,Cooperator,228
91800,Cheater,7193
91900,Cooperator,210
91900,Cheater,7274
92000,Cooperator,217
92000,Cheater,7549
92100,Cooperator,230
92100,Cheater,7537
92200,Cooperator,225
92200,Cheater,7341
92300,Cooperator,208
92300,Cheater,7477
92400,Cooperator,203
92400,Cheater,7346
92500,Cooperator,199
92500,Cheater,7566
92600,Cooperator,203
92600,Cheater,7748
92700,Cooperator,241
92700,Cheater,7453
92800,Cooperator,204
92800,Cheater,7491
92900,Cooperator,203
92900,Cheater,7605
93000,Cooperator,232
93000,Cheater,7621
93100,Cooperator,228
93100,Cheater,7526
93200,Cooperator,220
93200,Cheater,7584
93300,Cooperator,225
93300,Cheater,7661
93400,Cooperator,229
93400,Cheater,7747
93500,Cooperator,212
93500,Cheater,7579
93600,Cooperator,241
93600,Cheater,7576
93700,Cooperator,223
93700,Cheater,7496
93800,Cooperator,234
93800,Cheater,7637
93900,Cooperator,214
93900,Cheater,7388
94000,Cooperator,228
94000,Cheater,7279
94100,Cooperator,198
94100,Cheater,7421
94200,Cooperator,202
94200,Cheater,7597
94300,Cooperator,231
94300,Cheater,7530
94400,Cooperator,265
94400,Cheater,7435
94500,Cooperator,251
94500,Cheater,7611
94600,Cooperator,197
94600,Cheater,7588
94700,Cooperator,190
94700,Cheater,7626
94800,Cooperator,203
94800,Cheater,7516
94900,Cooperator,199
94900,Cheater,7148
95000,Cooperator,236
95000,Cheater,7556
95100,Cooperator,250
95100,Cheater,7399
95200,Cooperator,245
95200,Cheater,7423
95300,Cooperator,210
95300,Cheater,7529
95400,Cooperator,242
95400,Cheater,7527
95500,Cooperator,208
95500,Cheater,7406
95600,Cooperator,246
95600,Cheater,7251
95700,Cooperator,211
95700,Cheater,7702
95800,Cooperator,197
95800,Cheater,7525
95900,Cooperator,231
95900,Cheater,7534
96000,Cooperator,219
96000,Cheater,7279
96100,Cooperator,220
96100,Cheater,7502
96200,Cooperator,228
96200,Cheater,7545
96300,Cooperator,193
96300,Cheater,7365
96400,Cooperator,203
96400,Cheater,7436
96500,Cooperator,248
96500,Cheater,7472
96600,Cooperator,229
96600,Cheater,7406
96700,Cooperator,219
96700,Cheater,7460
96800,Cooperator,216
96800,Cheater,7571
96900,Cooperator,236
96900,Cheater,7599
97000,Cooperator,215
97000,Cheater,7661
97100,Cooperator,221
97100,Cheater,7579
97200,Cooperator,214
97200,Cheater,7501
97300,Cooperator,226
97300,Cheater,7467
97400,Cooperator,257
97400,Cheater,7487
97500,Cooperator,235
97500,Cheater,7329
97600,Cooperator,236
97600,Cheater,7570
97700,Cooperator,206
97700,Cheater,7562
97800,Cooperator,239
97800,Cheater,7536
97900,Cooperator,245
97900,Cheater,7491
98000,Cooperator,212
98000,Cheater,7435
98100,Cooperator,220
98100,Cheater,7440
98200,Cooperator,216
98200,Cheater,7343
98300,Cooperator,237
98300,Cheater,7558
98400,Cooperator,230
98400,Cheater,7429
98500,Cooperator,201
98500,Cheater,7287
98600,Cooperator,235
98600,Cheater,7325
98700,Cooperator,201
98700,Cheater,7507
98800,Cooperator,204
98800,Cheater,7409
98900,Cooperator,216
98900,Cheater,7474
99000,Cooperator,210
99000,Cheater,7260
99100,Cooperator,192
99100,Cheater,7155
99200,Cooperator,187
99200,Cheater,7371
99300,Cooperator,200
99300,Cheater,7301
99400,Cooperator,221
99400,Cheater,7233
99500,Cooperator,197
99500,Cheater,7434
99600,Cooperator,192
99600,Cheater,7424
99700,Cooperator,234
99700,Cheater,6991
99800,Cooperator,183
99800,Cheater,7363
99900,Cooperator,208
99900,Cheater,7452
